<eagle version="6.1"><drawing><settings><setting alwaysvectorfont="no" verticaltext="up"/></settings><grid distance="0.1" unitdist="inch" unit="inch" style="lines" multiple="1" display="no" altdistance="0.01" altunitdist="inch" altunit="inch"/><layers><layer number="91" name="Nets" color="2" fill="1" visible="yes" active="yes"/><layer number="92" name="Busses" color="1" fill="1" visible="yes" active="yes"/><layer number="93" name="Pins" color="2" fill="1" visible="no" active="yes"/><layer number="94" name="Symbols" color="4" fill="1" visible="yes" active="yes"/><layer number="95" name="Names" color="7" fill="1" visible="yes" active="yes"/><layer number="96" name="Values" color="7" fill="1" visible="yes" active="yes"/><layer number="97" name="Info" color="7" fill="1" visible="yes" active="yes"/><layer number="98" name="Guide" color="6" fill="1" visible="yes" active="yes"/></layers><schematic><libraries><library name="AcceleratedDesigns_Lib"><packages><package name="0805"><pad name="1" drill="0" y="0" x="-0.9017"/><pad name="2" drill="0" y="0" x="0.9017"/></package><package name="1210"><pad name="1" drill="0" y="0" x="-1.4986"/><pad name="2" drill="0" y="0" x="1.4986"/></package><package name="1206"><pad name="1" drill="0" y="0" x="-1.4986"/><pad name="2" drill="0" y="0" x="1.4986"/></package><package name="VLP8040"><pad name="1" drill="0" y="0" x="-2.3495"/><pad name="2" drill="0" y="0" x="2.3495"/></package><package name="0402"><pad name="1" drill="0" y="0" x="-0.4191"/><pad name="2" drill="0" y="0" x="0.4191"/></package><package name="DDC0006A"><pad name="1" drill="0" y="0.95" x="-1.1684"/><pad name="2" drill="0" y="0" x="-1.1684"/><pad name="3" drill="0" y="-0.95" x="-1.1684"/><pad name="4" drill="0" y="-0.95" x="1.1684"/><pad name="5" drill="0" y="0" x="1.1684"/><pad name="6" drill="0" y="0.95" x="1.1684"/></package><package name="WB_GND"><pad name="1" drill="0" y="0" x="0"/></package><package name="WB_BATTERY"><pad name="1" drill="0" y="0" x="0"/><pad name="2" drill="0" y="0" x="0"/></package><package name="WB_CURRENT_LOAD"><pad name="1" drill="0" y="0" x="0"/><pad name="2" drill="0" y="0" x="0"/></package></packages><symbols><symbol name="08053C104KAT2A@1"><pin name="1@1" x="7.62" y="0" rot="MR0" direction="pas" length="short" visible="both" swaplevel="0"/><pin name="2@2" x="-7.62" y="0" rot="MR180" direction="pas" length="short" visible="both" swaplevel="0"/><wire x1="7.62" y1="0" x2="5.08" y2="0" width="0.1524" layer="94"/><wire x1="-7.62" y1="0" x2="-5.08" y2="0" width="0.1524" layer="94"/><wire x1="0.762" y1="-3.048" x2="0.762" y2="3.048" width="0.1524" layer="94"/><wire x1="-5.08" y1="0" x2="-0.762" y2="0" width="0.1524" layer="94"/><wire x1="0.762" y1="0" x2="5.08" y2="0" width="0.1524" layer="94"/><wire x1="-0.762" y1="-3.048" x2="-0.762" y2="3.048" width="0.1524" layer="94"/><text size="2" x="0" y="0" layer="95" align="center">&gt;NAME</text><text size="2" x="0" y="0" layer="96" align="center">&gt;VALUE</text></symbol><symbol name="GRM32ER61E226KE15L@1"><pin name="1@1" x="7.62" y="0" rot="MR0" direction="pas" length="short" visible="both" swaplevel="0"/><pin name="2@2" x="-7.62" y="0" rot="MR180" direction="pas" length="short" visible="both" swaplevel="0"/><wire x1="7.62" y1="0" x2="5.08" y2="0" width="0.1524" layer="94"/><wire x1="-7.62" y1="0" x2="-5.08" y2="0" width="0.1524" layer="94"/><wire x1="0.762" y1="-3.048" x2="0.762" y2="3.048" width="0.1524" layer="94"/><wire x1="-5.08" y1="0" x2="-0.762" y2="0" width="0.1524" layer="94"/><wire x1="0.762" y1="0" x2="5.08" y2="0" width="0.1524" layer="94"/><wire x1="-0.762" y1="-3.048" x2="-0.762" y2="3.048" width="0.1524" layer="94"/><text size="2" x="0" y="0" layer="95" align="center">&gt;NAME</text><text size="2" x="0" y="0" layer="96" align="center">&gt;VALUE</text></symbol><symbol name="C3216JB1A476M@1"><pin name="1@1" x="7.62" y="0" rot="MR0" direction="pas" length="short" visible="both" swaplevel="0"/><pin name="2@2" x="-7.62" y="0" rot="MR180" direction="pas" length="short" visible="both" swaplevel="0"/><wire x1="7.62" y1="0" x2="5.08" y2="0" width="0.1524" layer="94"/><wire x1="-7.62" y1="0" x2="-5.08" y2="0" width="0.1524" layer="94"/><wire x1="0.762" y1="-3.048" x2="0.762" y2="3.048" width="0.1524" layer="94"/><wire x1="-5.08" y1="0" x2="-0.762" y2="0" width="0.1524" layer="94"/><wire x1="0.762" y1="0" x2="5.08" y2="0" width="0.1524" layer="94"/><wire x1="-0.762" y1="-3.048" x2="-0.762" y2="3.048" width="0.1524" layer="94"/><text size="2" x="0" y="0" layer="95" align="center">&gt;NAME</text><text size="2" x="0" y="0" layer="96" align="center">&gt;VALUE</text></symbol><symbol name="WB_GND@1"><pin name="1@1" x="0" y="2.54" rot="MR270" direction="pas" length="short" visible="off" swaplevel="0"/><wire x1="0" y1="2.54" x2="0" y2="0" width="0.1524" layer="94"/><wire x1="-3.302" y1="0" x2="3.302" y2="0" width="0.1524" layer="94"/><wire x1="-2.286" y1="-1.016" x2="2.286" y2="-1.016" width="0.1524" layer="94"/><wire x1="-0.762" y1="-2.032" x2="0.762" y2="-2.032" width="0.1524" layer="94"/></symbol><symbol name="VLP8040T-3R3N@1"><pin name="2@2" x="7.62" y="0" rot="MR0" direction="pas" length="short" visible="off" swaplevel="0"/><pin name="1@1" x="-7.62" y="0" rot="MR180" direction="pas" length="short" visible="off" swaplevel="0"/><wire cap="round" x1="2.70086965376353" y1="0.835686125023295" x2="2.5488127292636" y2="-6.24799789495706E-04" layer="94" curve="12.47546" width="0.1524"/><wire cap="round" x1="3.80990829544782" y1="1.85597139451402" x2="2.69064524918793" y2="0.838459388755286" layer="94" curve="78.62357" width="0.1524"/><wire cap="round" x1="4.90450120907934" y1="0.838494459997258" x2="3.81012877640754" y2="1.85651641360845" layer="94" curve="79.52696" width="0.1524"/><wire cap="round" x1="5.08194212297714" y1="7.65933497371016E-02" x2="4.90412159312222" y2="0.838683789637753" layer="94" curve="2.683002" width="0.1524"/><wire x1="5.08" y1="7.32740090825246E-14" x2="7.62" y2="8.71708039085205E-14" width="0.1524" layer="94"/><wire cap="round" x1="0.160869647012591" y1="0.835686120495971" x2="8.81272251266148E-03" y2="-6.24804316819648E-04" layer="94" curve="12.47546" width="0.1524"/><wire cap="round" x1="1.26990852880952" y1="1.85597126998469" x2="0.150645552335143" y2="0.838459735984588" layer="94" curve="78.62355" width="0.1524"/><wire cap="round" x1="2.36450120579728" y1="0.838494428025542" x2="1.27012877312548" y2="1.85651638163673" layer="94" curve="79.52696" width="0.1524"/><wire cap="round" x1="2.53556331240561" y1="-0.177885354456139" x2="2.35799865867502" y2="0.83677165558159" layer="94" curve="17.67289" width="0.1524"/><wire cap="round" x1="-2.37913022471952" y1="0.835686100537919" x2="-2.53118714921945" y2="-6.24824274872179E-04" layer="94" curve="12.47546" width="0.1524"/><wire cap="round" x1="-1.27009153439261" y1="1.85597127646014" x2="-2.38935453412885" y2="0.838459585207164" layer="94" curve="78.62356" width="0.1524"/><wire cap="round" x1="-0.17549876466415" y1="0.838494473537584" x2="-1.26987119733595" y2="1.85651642714878" layer="94" curve="79.52696" width="0.1524"/><wire cap="round" x1="-4.43666361586885E-03" y1="-0.177885358125391" x2="-0.182001317346461" y2="0.836771651912338" layer="94" curve="17.67289" width="0.1524"/><wire x1="-7.62" y1="1.31748834064638E-14" x2="-5.08" y2="1.3716316971113E-14" width="0.1524" layer="94"/><wire cap="round" x1="-4.91913036648931" y1="0.835686111441321" x2="-5.07118729098924" y2="-6.2481337147006E-04" layer="94" curve="12.47546" width="0.1524"/><wire cap="round" x1="-3.81009141933233" y1="1.85597124231149" x2="-4.9293543958067" y2="0.838459708311387" layer="94" curve="78.62355" width="0.1524"/><wire cap="round" x1="-2.71549867276639" y1="0.838494472482158" x2="-3.80987126078252" y2="1.85651643468738" layer="94" curve="79.52697" width="0.1524"/><wire cap="round" x1="-2.54443665882017" y1="-0.177885354014588" x2="-2.72200131255076" y2="0.836771656023141" layer="94" curve="17.67289" width="0.1524"/><wire cap="round" x1="-2.54499763137906" y1="2.51755460236626E-03" x2="-2.54499765572502" y2="-0.180317541662839" layer="94" curve="53.47319" width="0.1524"/><wire cap="round" x1="-4.99761237348031E-03" y1="2.51757271580121E-03" x2="-4.9976367194459E-03" y2="-0.180317523549404" layer="94" curve="53.47319" width="0.1524"/><wire cap="round" x1="2.53500243197289" y1="2.51757460827418E-03" x2="2.53500238936746" y2="-0.180317485409697" layer="94" curve="53.47318" width="0.1524"/><text size="2" x="0" y="5.715" layer="95" align="center">&gt;NAME</text><text size="2" x="0" y="3.175" layer="96" align="center">&gt;VALUE</text></symbol><symbol name="CRCW040210K2FKED@1"><pin name="1@1" x="7.62" y="0" rot="MR0" direction="pas" length="short" visible="off" swaplevel="0"/><pin name="2@2" x="-7.62" y="0" rot="MR180" direction="pas" length="short" visible="off" swaplevel="0"/><wire x1="7.62" y1="0" x2="5.08" y2="0" width="0.1524" layer="94"/><wire x1="5.08" y1="0" x2="3.81" y2="1.524" width="0.1524" layer="94"/><wire x1="3.81" y1="1.524" x2="1.905" y2="-1.524" width="0.1524" layer="94"/><wire x1="1.905" y1="-1.524" x2="0" y2="1.524" width="0.1524" layer="94"/><wire x1="0" y1="1.524" x2="-1.905" y2="-1.524" width="0.1524" layer="94"/><wire x1="-1.905" y1="-1.524" x2="-3.81" y2="1.524" width="0.1524" layer="94"/><wire x1="-3.81" y1="1.524" x2="-5.08" y2="0" width="0.1524" layer="94"/><wire x1="-5.08" y1="0" x2="-7.62" y2="0" width="0.1524" layer="94"/><text size="2" x="0" y="5.715" layer="95" align="center">&gt;NAME</text><text size="2" x="0" y="3.175" layer="96" align="center">&gt;VALUE</text></symbol><symbol name="CRCW040256K2FKED@1"><pin name="1@1" x="7.62" y="0" rot="MR0" direction="pas" length="short" visible="off" swaplevel="0"/><pin name="2@2" x="-7.62" y="0" rot="MR180" direction="pas" length="short" visible="off" swaplevel="0"/><wire x1="7.62" y1="0" x2="5.08" y2="0" width="0.1524" layer="94"/><wire x1="5.08" y1="0" x2="3.81" y2="1.524" width="0.1524" layer="94"/><wire x1="3.81" y1="1.524" x2="1.905" y2="-1.524" width="0.1524" layer="94"/><wire x1="1.905" y1="-1.524" x2="0" y2="1.524" width="0.1524" layer="94"/><wire x1="0" y1="1.524" x2="-1.905" y2="-1.524" width="0.1524" layer="94"/><wire x1="-1.905" y1="-1.524" x2="-3.81" y2="1.524" width="0.1524" layer="94"/><wire x1="-3.81" y1="1.524" x2="-5.08" y2="0" width="0.1524" layer="94"/><wire x1="-5.08" y1="0" x2="-7.62" y2="0" width="0.1524" layer="94"/><text size="2" x="0" y="5.715" layer="95" align="center">&gt;NAME</text><text size="2" x="0" y="3.175" layer="96" align="center">&gt;VALUE</text></symbol><symbol name="TPS563200DDCR@1"><wire x1="-12.7" y1="-12.7" x2="12.7" y2="-12.7" width="0.1016" layer="94"/><wire x1="12.7" y1="-12.7" x2="12.7" y2="12.7" width="0.1016" layer="94"/><wire x1="12.7" y1="12.7" x2="-12.7" y2="12.7" width="0.1016" layer="94"/><wire x1="-12.7" y1="12.7" x2="-12.7" y2="-12.7" width="0.1016" layer="94"/><pin name="GND@1" x="-17.78" y="-7.62" rot="MR180" direction="pwr" length="middle" visible="both" swaplevel="0"/><pin name="SW@2" x="17.78" y="7.62" rot="MR0" direction="pwr" length="middle" visible="both" swaplevel="0"/><pin name="VIN@3" x="-17.78" y="7.62" rot="MR180" direction="pwr" length="middle" visible="both" swaplevel="0"/><pin name="VFB@4" x="17.78" y="-7.62" rot="MR0" direction="in" length="middle" visible="both" swaplevel="0"/><pin name="EN@5" x="-17.78" y="0" rot="MR180" direction="in" length="middle" visible="both" swaplevel="0"/><pin name="VBST@6" x="17.78" y="0" rot="MR0" direction="pwr" length="middle" visible="both" swaplevel="0"/></symbol><symbol name="WB_BATTERY@1"><pin name="+@1" x="-7.62" y="0" rot="MR180" direction="pas" length="short" visible="off" swaplevel="0"/><pin name="-@2" x="7.62" y="0" rot="MR0" direction="pas" length="short" visible="off" swaplevel="0"/><wire x1="-2.032" y1="0" x2="-7.62" y2="0" width="0.1524" layer="94"/><wire x1="-1.778" y1="-3.048" x2="-1.778" y2="3.048" width="0.1524" layer="94"/><wire x1="1.016" y1="-3.048" x2="1.016" y2="3.048" width="0.1524" layer="94"/><wire x1="7.62" y1="0" x2="2.794" y2="0" width="0.1524" layer="94"/><wire x1="-0.508" y1="-1.27" x2="-0.508" y2="1.27" width="0.1524" layer="94"/><wire x1="-0.254" y1="-1.27" x2="-0.254" y2="1.27" width="0.1524" layer="94"/><wire x1="-3.556" y1="2.286" x2="-3.556" y2="3.81" width="0.1524" layer="94"/><wire x1="-2.794" y1="3.048" x2="-4.318" y2="3.048" width="0.1524" layer="94"/><wire x1="3.302" y1="2.54" x2="3.302" y2="3.81" width="0.1524" layer="94"/><wire x1="2.54" y1="-1.27" x2="2.54" y2="1.27" width="0.1524" layer="94"/><wire x1="2.286" y1="-1.27" x2="2.286" y2="1.27" width="0.1524" layer="94"/><text size="2" x="0" y="5.08" layer="95" align="center">&gt;NAME</text></symbol><symbol name="WB_CURRENT_LOAD@1"><pin name="+@1" x="-7.62" y="0" rot="MR180" direction="pas" length="short" visible="off" swaplevel="0"/><pin name="-@2" x="7.62" y="0" rot="MR0" direction="pas" length="short" visible="off" swaplevel="0"/><wire cap="round" x1="-3.80144541893069" y1="6.11111003035226E-05" x2="-2.68631595182662" y2="-2.68638598005626" layer="94" curve="44.25835" width="0.1524"/><wire cap="round" x1="-2.7008340002096" y1="-2.70084492188432" x2="-3.010245531766E-05" y2="-3.82193519093877" layer="94" curve="44.8182" width="0.1524"/><wire cap="round" x1="-1.47901228405671E-05" y1="-3.81607473385618" x2="2.69671339012067" y2="-2.69667753776659" layer="94" curve="45.38076" width="0.1524"/><wire cap="round" x1="2.69020543466835" y1="-2.69018253944063" x2="3.80688023502889" y2="-1.58895406142942E-05" layer="94" curve="45.58721" width="0.1524"/><wire cap="round" x1="3.80144542387741" y1="-6.17958751984642E-05" x2="2.68631643327033" y2="2.68638549307261" layer="94" curve="44.25835" width="0.1524"/><wire cap="round" x1="2.70083237377049" y1="2.70084654561062" x2="2.78042467919214E-05" y2="3.82193519631281" layer="94" curve="44.8182" width="0.1524"/><wire cap="round" x1="1.57980194586995E-05" y1="3.81607473126472" x2="-2.69671268033746" y2="2.69667825335733" layer="94" curve="45.38076" width="0.1524"/><wire cap="round" x1="-2.69020543466835" y1="2.69018253944063" x2="-3.80688023502889" y2="1.58895406171733E-05" layer="94" curve="45.58721" width="0.1524"/><wire x1="7.62" y1="0" x2="3.81" y2="0" width="0.1524" layer="94"/><wire x1="-3.81" y1="0" x2="-7.62" y2="0" width="0.1524" layer="94"/><wire x1="0.762" y1="-1.778" x2="3.048" y2="0" width="0.1524" layer="94"/><wire x1="0.762" y1="1.778" x2="3.048" y2="0" width="0.1524" layer="94"/><wire x1="3.048" y1="0" x2="-3.048" y2="0" width="0.1524" layer="94"/></symbol></symbols><devicesets><deviceset name="08053C104KAT2A" prefix=""><gates><gate name="1" addlevel="always" y="0" x="0" symbol="08053C104KAT2A@1"/></gates><devices><device name="08053C104KAT2A" package="0805"><connects><connect pad="1" pin="1@1" gate="1"/><connect pad="2" pin="2@2" gate="1"/></connects><technologies><technology name=""><attribute name="Cap" value="1.0E-7" constant="no"/><attribute name="ESR" value="0.28" constant="no"/><attribute name="IRMS" value="0.0" constant="no"/><attribute name="VDC" value="25.0" constant="no"/><attribute name="Manufacturer_Part_Number" value="08053C104KAT2A" constant="no"/><attribute name="Vendor" value="AVX" constant="no"/><attribute name="Manufacturer_Name" value="AVX" constant="no"/></technology></technologies></device></devices></deviceset><deviceset name="GRM32ER61E226KE15L" prefix=""><gates><gate name="1" addlevel="always" y="0" x="0" symbol="GRM32ER61E226KE15L@1"/></gates><devices><device name="GRM32ER61E226KE15L" package="1210"><connects><connect pad="1" pin="1@1" gate="1"/><connect pad="2" pin="2@2" gate="1"/></connects><technologies><technology name=""><attribute name="Cap" value="2.2E-5" constant="no"/><attribute name="ESR" value="0.0020" constant="no"/><attribute name="IRMS" value="0.0" constant="no"/><attribute name="VDC" value="25.0" constant="no"/><attribute name="Manufacturer_Part_Number" value="GRM32ER61E226KE15L" constant="no"/><attribute name="Vendor" value="MuRata" constant="no"/><attribute name="Manufacturer_Name" value="MuRata" constant="no"/></technology></technologies></device></devices></deviceset><deviceset name="C3216JB1A476M" prefix=""><gates><gate name="1" addlevel="always" y="0" x="0" symbol="C3216JB1A476M@1"/></gates><devices><device name="C3216JB1A476M" package="1206"><connects><connect pad="1" pin="1@1" gate="1"/><connect pad="2" pin="2@2" gate="1"/></connects><technologies><technology name=""><attribute name="Datasheet_URL" value="http://www.tdk.co.jp/tefe02/e3860%5Fc.pdf" constant="no"/><attribute name="Cap" value="4.7E-5" constant="no"/><attribute name="ESR" value="0.001717" constant="no"/><attribute name="IRMS" value="0.0" constant="no"/><attribute name="VDC" value="10.0" constant="no"/><attribute name="Manufacturer_Part_Number" value="C3216JB1A476M" constant="no"/><attribute name="Vendor" value="TDK" constant="no"/><attribute name="Manufacturer_Name" value="TDK" constant="no"/></technology></technologies></device></devices></deviceset><deviceset name="WB_GND" prefix=""><gates><gate name="1" addlevel="always" y="0" x="0" symbol="WB_GND@1"/></gates><devices><device name="WB_GND" package="WB_GND"><connects><connect pad="1" pin="1@1" gate="1"/></connects><technologies><technology name=""><attribute name="Value" value="Value" constant="no"/><attribute name="Manufacturer_Part_Number" value="WB_GND" constant="no"/><attribute name="Manufacturer_Name" value="WB_GND" constant="no"/><attribute name="PowerPortType" value="POWER_GROUND" constant="no"/></technology></technologies></device></devices></deviceset><deviceset name="VLP8040T-3R3N" prefix=""><gates><gate name="1" addlevel="always" y="0" x="0" symbol="VLP8040T-3R3N@1"/></gates><devices><device name="VLP8040T-3R3N" package="VLP8040"><connects><connect pad="1" pin="1@1" gate="1"/><connect pad="2" pin="2@2" gate="1"/></connects><technologies><technology name=""><attribute name="Datasheet_URL" value="http://www.tdk.co.jp/tjfx01/j531_vlp.pdf" constant="no"/><attribute name="L" value="3.3E-6" constant="no"/><attribute name="DCR" value="0.02" constant="no"/><attribute name="IDC" value="5.2" constant="no"/><attribute name="Manufacturer_Part_Number" value="VLP8040T-3R3N" constant="no"/><attribute name="Vendor" value="TDK" constant="no"/><attribute name="Description" value="Unknown" constant="no"/><attribute name="PACKAGE_DESIGNATOR" value="VLP8040" constant="no"/><attribute name="Manufacturer" value="TDK" constant="no"/><attribute name="Manufacturer_Name" value="TDK" constant="no"/></technology></technologies></device></devices></deviceset><deviceset name="CRCW040210K2FKED" prefix=""><gates><gate name="1" addlevel="always" y="0" x="0" symbol="CRCW040210K2FKED@1"/></gates><devices><device name="CRCW040210K2FKED" package="0402"><connects><connect pad="1" pin="1@1" gate="1"/><connect pad="2" pin="2@2" gate="1"/></connects><technologies><technology name=""><attribute name="Resistance" value="10200.0" constant="no"/><attribute name="Power" value="0.063" constant="no"/><attribute name="Tolerance" value="1.0" constant="no"/><attribute name="Manufacturer_Part_Number" value="CRCW040210K2FKED" constant="no"/><attribute name="Vendor" value="Vishay-Dale" constant="no"/><attribute name="Manufacturer_Name" value="Vishay-Dale" constant="no"/></technology></technologies></device></devices></deviceset><deviceset name="CRCW040256K2FKED" prefix=""><gates><gate name="1" addlevel="always" y="0" x="0" symbol="CRCW040256K2FKED@1"/></gates><devices><device name="CRCW040256K2FKED" package="0402"><connects><connect pad="1" pin="1@1" gate="1"/><connect pad="2" pin="2@2" gate="1"/></connects><technologies><technology name=""><attribute name="Resistance" value="56200.0" constant="no"/><attribute name="Power" value="0.063" constant="no"/><attribute name="Tolerance" value="1.0" constant="no"/><attribute name="Manufacturer_Part_Number" value="CRCW040256K2FKED" constant="no"/><attribute name="Vendor" value="Vishay-Dale" constant="no"/><attribute name="Manufacturer_Name" value="Vishay-Dale" constant="no"/></technology></technologies></device></devices></deviceset><deviceset name="TPS563200DDCR" prefix="U"><gates><gate name="1" addlevel="always" y="0" x="0" symbol="TPS563200DDCR@1"/></gates><devices><device name="TPS563200DDCR" package="DDC0006A"><connects><connect pad="1" pin="GND@1" gate="1"/><connect pad="2" pin="SW@2" gate="1"/><connect pad="3" pin="VIN@3" gate="1"/><connect pad="4" pin="VFB@4" gate="1"/><connect pad="5" pin="EN@5" gate="1"/><connect pad="6" pin="VBST@6" gate="1"/></connects><technologies><technology name=""><attribute name="CurrentTime" value="Not shown in title block" constant="no"/><attribute name="CurrentDate" value="Not shown in title block" constant="no"/><attribute name="Time" value="Not shown in title block" constant="no"/><attribute name="Date" value="Not shown in title block" constant="no"/><attribute name="DocumentFullPathAndName" value="Not shown in title block" constant="no"/><attribute name="DocumentName" value="Not shown in title block" constant="no"/><attribute name="ModifiedDate" value="Not shown in title block" constant="no"/><attribute name="ApprovedBy" value="Not shown in title block" constant="no"/><attribute name="CheckedBy" value="Not shown in title block" constant="no"/><attribute name="Author" value="Not shown in title block" constant="no"/><attribute name="CompanyName" value="Not shown in title block" constant="no"/><attribute name="Engineer" value="Not shown in title block" constant="no"/><attribute name="Organization" value="Not shown in title block" constant="no"/><attribute name="Address1" value="Not shown in title block" constant="no"/><attribute name="Address2" value="Not shown in title block" constant="no"/><attribute name="Address3" value="Not shown in title block" constant="no"/><attribute name="Address4" value="Not shown in title block" constant="no"/><attribute name="DocumentNumber" value="1" constant="no"/><attribute name="Revision" value="Use project parameter SCH_Rev" constant="no"/><attribute name="SheetNumber" value="1" constant="no"/><attribute name="SheetTotal" value="1" constant="no"/><attribute name="ImagePath" value="Not shown in title block" constant="no"/><attribute name="Rule" value="*" constant="no"/><attribute name="ProjectName" value="*" constant="no"/><attribute name="SymbolVersion" value="2014-04-11" constant="no"/><attribute name="SymbolCreator" value="a0411947" constant="no"/><attribute name="PartNumber" value="TPS563200DDC" constant="no"/><attribute name="PackageReference" value="DDC0006A" constant="no"/><attribute name="MountType" value="SMT" constant="no"/><attribute name="ComponentLink1Description" value="Datasheet Link" constant="no"/><attribute name="ComponentLink1URL" value="https://sps06.itg.ti.com/sites/KMS/crossdivteams/altium/docs/ComponentDatasheets/TPS56320xDDC_User's_Guide_v0p1_14_0203.pdf" constant="no"/><attribute name="CompType" value="IC" constant="no"/><attribute name="RoHS" value="Y" constant="no"/><attribute name="Publisher" value="Texas Instruments" constant="no"/><attribute name="LatestRevisionDate" value="2014-04-14" constant="no"/><attribute name="U/M" value="EA" constant="no"/><attribute name="Alternate_Manufacturer" value="None" constant="no"/><attribute name="Manufacturer" value="Texas Instruments" constant="no"/><attribute name="Designator" value="U?" constant="no"/><attribute name="PIN_COUNT" value="6" constant="no"/><attribute name="Manufacturer_Part_Number" value="TPS563200DDCR" constant="no"/><attribute name="Manufacturer_Name" value="Texas Instruments" constant="no"/></technology></technologies></device></devices></deviceset><deviceset name="WB_BATTERY" prefix=""><gates><gate name="1" addlevel="always" y="0" x="0" symbol="WB_BATTERY@1"/></gates><devices><device name="WB_BATTERY" package="WB_BATTERY"><connects><connect pad="1" pin="+@1" gate="1"/><connect pad="2" pin="-@2" gate="1"/></connects><technologies><technology name=""><attribute name="Value" value="Value" constant="no"/><attribute name="Manufacturer_Part_Number" value="WB_BATTERY" constant="no"/><attribute name="Manufacturer_Name" value="WB_BATTERY" constant="no"/><attribute name="PowerPortType" value="POWER_GROUND" constant="no"/></technology></technologies></device></devices></deviceset><deviceset name="WB_CURRENT_LOAD" prefix=""><gates><gate name="1" addlevel="always" y="0" x="0" symbol="WB_CURRENT_LOAD@1"/></gates><devices><device name="WB_CURRENT_LOAD" package="WB_CURRENT_LOAD"><connects><connect pad="1" pin="+@1" gate="1"/><connect pad="2" pin="-@2" gate="1"/></connects><technologies><technology name=""><attribute name="Value" value="Value" constant="no"/><attribute name="Manufacturer_Part_Number" value="WB_CURRENT_LOAD" constant="no"/><attribute name="Manufacturer_Name" value="WB_CURRENT_LOAD" constant="no"/><attribute name="PowerPortType" value="POWER_GROUND" constant="no"/></technology></technologies></device></devices></deviceset></devicesets></library></libraries><attributes/><variantdefs/><classes><class number="0" name="default" width="0" drill="0"/></classes><parts><part name="CBST" library="AcceleratedDesigns_Lib" device="08053C104KAT2A" deviceset="08053C104KAT2A" value="100nF"/><part name="CIN" library="AcceleratedDesigns_Lib" device="GRM32ER61E226KE15L" deviceset="GRM32ER61E226KE15L" value="22uF"/><part name="COUT" library="AcceleratedDesigns_Lib" device="C3216JB1A476M" deviceset="C3216JB1A476M" value="47uF"/><part name="GND" library="AcceleratedDesigns_Lib" device="WB_GND" deviceset="WB_GND" value="WB_GND"/><part name="L1" library="AcceleratedDesigns_Lib" device="VLP8040T-3R3N" deviceset="VLP8040T-3R3N" value="3.3uH"/><part name="RFBB" library="AcceleratedDesigns_Lib" device="CRCW040210K2FKED" deviceset="CRCW040210K2FKED" value="10.2k"/><part name="RFBT" library="AcceleratedDesigns_Lib" device="CRCW040256K2FKED" deviceset="CRCW040256K2FKED" value="56.2k"/><part name="U1" library="AcceleratedDesigns_Lib" device="TPS563200DDCR" deviceset="TPS563200DDCR" value="TPS563200DDCR"/><part name="VIN" library="AcceleratedDesigns_Lib" device="WB_BATTERY" deviceset="WB_BATTERY" value="WB_BATTERY"/><part name="IOUT" library="AcceleratedDesigns_Lib" device="WB_CURRENT_LOAD" deviceset="WB_CURRENT_LOAD" value="WB_CURRENT_LOAD"/></parts><sheets><sheet><plain/><instances><instance part="Cbst" gate="1" x="129.54" y="85.09" rot="R0" smashed="yes"><attribute name="NAME" x="129.54" y="91.186" size="2" layer="95" rot="R0" align="bottom-center"/><attribute name="VALUE" x="129.54" y="78.232" size="2" layer="96" rot="R0" align="bottom-center"/></instance><instance part="Cin" gate="1" x="48.26" y="60.96" rot="R90" smashed="yes"><attribute name="NAME" x="51.308" y="65.278" size="2" layer="95" rot="R0" align="bottom-left"/><attribute name="VALUE" x="51.308" y="60.706" size="2" layer="96" rot="R0" align="bottom-left"/></instance><instance part="Cout" gate="1" x="248.92" y="58.42" rot="R90" smashed="yes"><attribute name="NAME" x="251.968" y="62.738" size="2" layer="95" rot="R0" align="bottom-left"/><attribute name="VALUE" x="251.968" y="58.166" size="2" layer="96" rot="R0" align="bottom-left"/></instance><instance part="GND" gate="1" x="115.57" y="27.94" rot="R0" smashed="yes"><attribute name="NAME" x="115.57" y="33.528" size="2" layer="95" display="off" rot="R0" align="bottom-center"/></instance><instance part="L1" gate="1" x="163.83" y="93.98" rot="R0" smashed="yes"><attribute name="NAME" x="163.83" y="98.298" size="2" layer="95" rot="R0" align="bottom-center"/><attribute name="VALUE" x="163.83" y="88.9" size="2" layer="96" rot="R0" align="bottom-center"/></instance><instance part="Rfbb" gate="1" x="228.6" y="53.34" rot="R90" smashed="yes"><attribute name="NAME" x="230.124" y="56.134" size="2" layer="95" rot="R0" align="bottom-left"/><attribute name="VALUE" x="230.124" y="51.562" size="2" layer="96" rot="R0" align="bottom-left"/></instance><instance part="Rfbt" gate="1" x="228.6" y="78.74" rot="R90" smashed="yes"><attribute name="NAME" x="230.124" y="81.534" size="2" layer="95" rot="R0" align="bottom-left"/><attribute name="VALUE" x="230.124" y="76.962" size="2" layer="96" rot="R0" align="bottom-left"/></instance><instance part="U1" gate="1" x="97.79" y="86.36" rot="R0" smashed="yes"/><instance part="Vin" gate="1" x="29.21" y="73.66" rot="R270" smashed="yes"><attribute name="NAME" x="33.02" y="78.74" size="2" layer="95" rot="R0" align="bottom-left"/></instance><instance part="Iout" gate="1" x="266.7" y="71.12" rot="R270" smashed="yes"><attribute name="NAME" x="270.764" y="76.454" size="2" layer="95" rot="R0" align="bottom-left"/></instance></instances><busses/><nets><net name="5" class="0"><segment><pinref part="Cbst" pin="1@1" gate="1"/><pinref part="L1" pin="1@1" gate="1"/><pinref part="U1" pin="SW@2" gate="1"/><wire x1="137.16" y1="85.09" x2="137.16" y2="93.98" width="0" layer="91"/><wire x1="115.57" y1="93.98" x2="156.21" y2="93.98" width="0" layer="91"/></segment></net><net name="4" class="0"><segment><pinref part="Cbst" pin="2@2" gate="1"/><pinref part="U1" pin="VBST@6" gate="1"/><wire x1="115.57" y1="86.36" x2="121.92" y2="86.36" width="0" layer="91"/><wire x1="121.92" y1="85.09" x2="121.92" y2="86.36" width="0" layer="91"/></segment></net><net name="2" class="0"><segment><pinref part="Cin" pin="1@1" gate="1"/><pinref part="U1" pin="VIN@3" gate="1"/><pinref part="U1" pin="EN@5" gate="1"/><pinref part="Vin" pin="+@1" gate="1"/><wire x1="48.26" y1="93.98" x2="48.26" y2="68.58" width="0" layer="91"/><wire x1="77.47" y1="86.36" x2="80.01" y2="86.36" width="0" layer="91"/><wire x1="77.47" y1="93.98" x2="77.47" y2="86.36" width="0" layer="91"/><wire x1="29.21" y1="93.98" x2="80.01" y2="93.98" width="0" layer="91"/><wire x1="29.21" y1="81.28" x2="29.21" y2="93.98" width="0" layer="91"/></segment></net><net name="0" class="0"><segment><pinref part="Cin" pin="2@2" gate="1"/><pinref part="Cout" pin="2@2" gate="1"/><pinref part="GND" pin="1@1" gate="1"/><pinref part="Rfbb" pin="2@2" gate="1"/><pinref part="U1" pin="GND@1" gate="1"/><pinref part="Vin" pin="-@2" gate="1"/><pinref part="Iout" pin="-@2" gate="1"/><wire x1="48.26" y1="53.34" x2="48.26" y2="38.1" width="0" layer="91"/><wire x1="77.47" y1="78.74" x2="77.47" y2="38.1" width="0" layer="91"/><wire x1="80.01" y1="78.74" x2="77.47" y2="78.74" width="0" layer="91"/><wire x1="115.57" y1="38.1" x2="115.57" y2="30.48" width="0" layer="91"/><wire x1="228.6" y1="45.72" x2="228.6" y2="38.1" width="0" layer="91"/><wire x1="248.92" y1="38.1" x2="248.92" y2="50.8" width="0" layer="91"/><wire x1="29.21" y1="38.1" x2="266.7" y2="38.1" width="0" layer="91"/><wire x1="29.21" y1="38.1" x2="29.21" y2="66.04" width="0" layer="91"/><wire x1="266.7" y1="38.1" x2="266.7" y2="63.5" width="0" layer="91"/></segment></net><net name="6" class="0"><segment><pinref part="Cout" pin="1@1" gate="1"/><pinref part="L1" pin="2@2" gate="1"/><pinref part="Rfbt" pin="1@1" gate="1"/><pinref part="Iout" pin="+@1" gate="1"/><wire x1="228.6" y1="86.36" x2="228.6" y2="93.98" width="0" layer="91"/><wire x1="248.92" y1="66.04" x2="248.92" y2="93.98" width="0" layer="91"/><wire x1="171.45" y1="93.98" x2="266.7" y2="93.98" width="0" layer="91"/><wire x1="266.7" y1="78.74" x2="266.7" y2="93.98" width="0" layer="91"/></segment></net><net name="3" class="0"><segment><pinref part="Rfbb" pin="1@1" gate="1"/><pinref part="Rfbt" pin="2@2" gate="1"/><pinref part="U1" pin="VFB@4" gate="1"/><wire x1="115.57" y1="68.58" x2="115.57" y2="78.74" width="0" layer="91"/><wire x1="115.57" y1="68.58" x2="228.6" y2="68.58" width="0" layer="91"/><wire x1="228.6" y1="60.96" x2="228.6" y2="71.12" width="0" layer="91"/></segment></net></nets></sheet></sheets></schematic></drawing></eagle>
