<eagle version="6.4"><drawing><settings><setting alwaysvectorfont="no" verticaltext="up"/></settings><grid altunit="inch" altunitdist="inch" altdistance="0.025" display="no" multiple="1" style="lines" unit="inch" unitdist="inch" distance="0.05"/><layers><layer active="yes" visible="yes" fill="1" color="1" name="Reference" number="49"/><layer active="yes" visible="yes" fill="1" color="6" name="tPlace" number="25"/><layer active="yes" visible="yes" fill="1" color="2" name="tDocu" number="21"/><layer active="yes" visible="yes" fill="1" color="2" name="tCream" number="31"/><layer active="yes" visible="yes" fill="1" color="4" name="TOP" number="1"/><layer active="yes" visible="yes" fill="1" color="15" name="tStop" number="29"/><layer active="yes" visible="yes" fill="1" color="1" name="BOTTOM" number="16"/><layer active="yes" visible="yes" fill="1" color="7" name="bStop" number="30"/><layer active="yes" visible="yes" fill="1" color="7" name="bCream" number="32"/><layer active="yes" visible="yes" fill="1" color="3" name="bDocu" number="22"/><layer active="yes" visible="yes" fill="1" color="3" name="bPlace" number="26"/><layer active="yes" visible="yes" fill="1" color="5" name="Holes" number="45"/><layer active="yes" visible="yes" fill="1" color="5" name="Info" number="97"/><layer active="yes" visible="yes" fill="1" color="5" name="Guide" number="98"/><layer active="yes" visible="yes" fill="1" color="4" name="tValues" number="27"/><layer active="yes" visible="yes" fill="1" color="4" name="bValues" number="28"/><layer active="yes" visible="yes" fill="1" color="4" name="INTERNAL1" number="2"/><layer active="yes" visible="yes" fill="1" color="6" name="INTERNAL2" number="3"/><layer active="yes" visible="yes" fill="1" color="5" name="INTERNAL3" number="4"/><layer active="yes" visible="yes" fill="1" color="5" name="INTERNAL4" number="5"/><layer active="yes" visible="yes" fill="1" color="1" name="INTERNAL5" number="6"/><layer active="yes" visible="yes" fill="1" color="1" name="INTERNAL6" number="7"/><layer active="yes" visible="yes" fill="1" color="1" name="INTERNAL7" number="8"/><layer active="yes" visible="yes" fill="1" color="1" name="INTERNAL8" number="9"/><layer active="yes" visible="yes" fill="1" color="2" name="Values" number="96"/><layer active="yes" visible="yes" fill="1" color="1" name="FAB" number="49"/><layer active="yes" visible="yes" fill="1" color="1" name="ASSEMBLY_DETAIL" number="49"/><layer active="yes" visible="yes" fill="1" color="1" name="BOARD_OUTLINE" number="49"/><layer active="yes" visible="yes" fill="1" color="1" name="CopyRight" number="49"/><layer active="yes" visible="yes" fill="1" color="1" name="BRDOUT" number="20"/><layer active="yes" visible="yes" fill="1" color="1" name="NOTES" number="48"/><layer active="yes" visible="yes" fill="1" color="1" name="ASSYNOTES" number="21"/><layer active="yes" visible="yes" fill="1" color="1" name="STACKUP" number="46"/></layers><board><plain><wire layer="49" width="0.0254" y2="86.36" x2="25.4" y1="25.4" x1="25.4"/><wire layer="49" width="0.1016" y2="86.36" x2="25.4" y1="25.4" x1="25.4"/><wire layer="49" width="0.0254" y2="86.36" x2="76.2" y1="86.36" x1="25.4"/><wire layer="49" width="0.1016" y2="86.36" x2="76.2" y1="86.36" x1="25.4"/><wire layer="49" width="0.0254" y2="25.4" x2="76.2" y1="86.36" x1="76.2"/><wire layer="49" width="0.1016" y2="25.4" x2="76.2" y1="86.36" x1="76.2"/><wire layer="49" width="0.0254" y2="25.4" x2="25.4" y1="25.4" x1="76.2"/><wire layer="49" width="0.1016" y2="25.4" x2="25.4" y1="25.4" x1="76.2"/><text align="bottom-left" layer="21" size="1.778" y="43.18" x="45.466">Cinx</text></plain><libraries><library name="ultra-librarian"><packages><package name="0402"><smd layer="1" dx="0.5588" dy="0.6096" y="0" x="-0.4191" name="1"/><smd layer="1" dx="0.5588" dy="0.6096" y="0" x="0.4191" name="2"/><wire layer="25" width="0" y2="0.3048" x2="-0.1397" y1="-0.3048" x1="-0.1397"/><wire layer="25" width="0" y2="0.3048" x2="-0.5461" y1="0.3048" x1="-0.1397"/><wire layer="25" width="0" y2="-0.3048" x2="-0.5461" y1="0.3048" x1="-0.5461"/><wire layer="25" width="0" y2="-0.3048" x2="-0.1397" y1="-0.3048" x1="-0.5461"/><wire layer="25" width="0" y2="-0.3048" x2="0.1397" y1="0.3048" x1="0.1397"/><wire layer="25" width="0" y2="-0.3048" x2="0.5461" y1="-0.3048" x1="0.1397"/><wire layer="25" width="0" y2="0.3048" x2="0.5461" y1="-0.3048" x1="0.5461"/><wire layer="25" width="0" y2="0.3048" x2="0.1397" y1="0.3048" x1="0.5461"/><wire layer="25" width="0" y2="-0.3048" x2="0.5461" y1="-0.3048" x1="-0.5461"/><wire layer="25" width="0" y2="0.3048" x2="0.5461" y1="-0.3048" x1="0.5461"/><wire layer="25" width="0" y2="0.3048" x2="-0.5461" y1="0.3048" x1="0.5461"/><wire layer="25" width="0" y2="-0.3048" x2="-0.5461" y1="0.3048" x1="-0.5461"/></package><package name="1210"><smd layer="1" dx="1.1176" dy="2.6924" y="0" x="-1.4986" name="1"/><smd layer="1" dx="1.1176" dy="2.6924" y="0" x="1.4986" name="2"/><wire layer="25" width="0" y2="1.3462" x2="-0.9398" y1="-1.3462" x1="-0.9398"/><wire layer="25" width="0" y2="1.3462" x2="-1.7018" y1="1.3462" x1="-0.9398"/><wire layer="25" width="0" y2="-1.3462" x2="-1.7018" y1="1.3462" x1="-1.7018"/><wire layer="25" width="0" y2="-1.3462" x2="-0.9398" y1="-1.3462" x1="-1.7018"/><wire layer="25" width="0" y2="-1.3462" x2="0.9398" y1="1.3462" x1="0.9398"/><wire layer="25" width="0" y2="-1.3462" x2="1.7018" y1="-1.3462" x1="0.9398"/><wire layer="25" width="0" y2="1.3462" x2="1.7018" y1="-1.3462" x1="1.7018"/><wire layer="25" width="0" y2="1.3462" x2="0.9398" y1="1.3462" x1="1.7018"/><wire layer="21" width="0.1524" y2="-1.3462" x2="0.6071" y1="-1.3462" x1="-0.6071"/><wire layer="21" width="0.1524" y2="1.3462" x2="-0.6071" y1="1.3462" x1="0.6071"/><wire layer="25" width="0" y2="-1.3462" x2="1.7018" y1="-1.3462" x1="-1.7018"/><wire layer="25" width="0" y2="1.3462" x2="1.7018" y1="-1.3462" x1="1.7018"/><wire layer="25" width="0" y2="1.3462" x2="-1.7018" y1="1.3462" x1="1.7018"/><wire layer="25" width="0" y2="-1.3462" x2="-1.7018" y1="1.3462" x1="-1.7018"/></package><package name="0805"><smd layer="1" dx="1.1176" dy="1.4478" y="0" x="-0.9017" name="1"/><smd layer="1" dx="1.1176" dy="1.4478" y="0" x="0.9017" name="2"/><wire layer="25" width="0" y2="0.7239" x2="-0.3429" y1="-0.7239" x1="-0.3429"/><wire layer="25" width="0" y2="0.7239" x2="-1.1049" y1="0.7239" x1="-0.3429"/><wire layer="25" width="0" y2="-0.7239" x2="-1.1049" y1="0.7239" x1="-1.1049"/><wire layer="25" width="0" y2="-0.7239" x2="-0.3429" y1="-0.7239" x1="-1.1049"/><wire layer="25" width="0" y2="-0.7239" x2="0.3429" y1="0.7239" x1="0.3429"/><wire layer="25" width="0" y2="-0.7239" x2="1.1049" y1="-0.7239" x1="0.3429"/><wire layer="25" width="0" y2="0.7239" x2="1.1049" y1="-0.7239" x1="1.1049"/><wire layer="25" width="0" y2="0.7239" x2="0.3429" y1="0.7239" x1="1.1049"/><wire layer="25" width="0" y2="-0.7239" x2="1.1049" y1="-0.7239" x1="-1.1049"/><wire layer="25" width="0" y2="0.7239" x2="1.1049" y1="-0.7239" x1="1.1049"/><wire layer="25" width="0" y2="0.7239" x2="-1.1049" y1="0.7239" x1="1.1049"/><wire layer="25" width="0" y2="-0.7239" x2="-1.1049" y1="0.7239" x1="-1.1049"/></package><package name="1206"><smd layer="1" dx="1.1176" dy="1.8034" y="0" x="-1.4986" name="1"/><smd layer="1" dx="1.1176" dy="1.8034" y="0" x="1.4986" name="2"/><wire layer="25" width="0" y2="0.9017" x2="-0.9398" y1="-0.9017" x1="-0.9398"/><wire layer="25" width="0" y2="0.9017" x2="-1.7018" y1="0.9017" x1="-0.9398"/><wire layer="25" width="0" y2="-0.9017" x2="-1.7018" y1="0.9017" x1="-1.7018"/><wire layer="25" width="0" y2="-0.9017" x2="-0.9398" y1="-0.9017" x1="-1.7018"/><wire layer="25" width="0" y2="-0.9017" x2="0.9398" y1="0.9017" x1="0.9398"/><wire layer="25" width="0" y2="-0.9017" x2="1.7018" y1="-0.9017" x1="0.9398"/><wire layer="25" width="0" y2="0.9017" x2="1.7018" y1="-0.9017" x1="1.7018"/><wire layer="25" width="0" y2="0.9017" x2="0.9398" y1="0.9017" x1="1.7018"/><wire layer="21" width="0.1524" y2="-0.9017" x2="0.6071" y1="-0.9017" x1="-0.6071"/><wire layer="21" width="0.1524" y2="0.9017" x2="-0.6071" y1="0.9017" x1="0.6071"/><wire layer="25" width="0" y2="-0.9017" x2="1.7018" y1="-0.9017" x1="-1.7018"/><wire layer="25" width="0" y2="0.9017" x2="1.7018" y1="-0.9017" x1="1.7018"/><wire layer="25" width="0" y2="0.9017" x2="-1.7018" y1="0.9017" x1="1.7018"/><wire layer="25" width="0" y2="-0.9017" x2="-1.7018" y1="0.9017" x1="-1.7018"/></package><package name="VLP8040"><smd layer="1" dx="3.302" dy="8.2042" y="0" x="-2.3495" name="1"/><smd layer="1" dx="3.302" dy="8.2042" y="0" x="2.3495" name="2"/><circle layer="25" width="0.1016" radius="0.0762" y="0" x="-4.7625"/><circle layer="21" width="0.1016" radius="0.0762" y="0" x="-4.7625"/><wire layer="21" width="0.1524" y2="-4.3561" x2="0.4836" y1="-4.3561" x1="-0.4836"/><wire layer="21" width="0.1524" y2="4.3561" x2="-0.4836" y1="4.3561" x1="0.4836"/><wire layer="25" width="0" y2="-4.3561" x2="4.3053" y1="-4.3561" x1="-4.3053"/><wire layer="25" width="0" y2="4.3561" x2="4.3053" y1="-4.3561" x1="4.3053"/><wire layer="25" width="0" y2="4.3561" x2="-4.3053" y1="4.3561" x1="4.3053"/><wire layer="25" width="0" y2="-4.3561" x2="-4.3053" y1="4.3561" x1="-4.3053"/></package><package name="TP-1502"><pad shape="round" drill="0.8128" y="0" x="0" name="1"/></package><package name="DDC0006A"><smd layer="1" dx="1.5748" dy="0.5588" y="0.95" x="-1.1684" name="1"/><smd layer="1" dx="1.5748" dy="0.5588" y="0" x="-1.1684" name="2"/><smd layer="1" dx="1.5748" dy="0.5588" y="-0.95" x="-1.1684" name="3"/><smd layer="1" dx="1.5748" dy="0.5588" y="-0.95" x="1.1684" name="4"/><smd layer="1" dx="1.5748" dy="0.5588" y="0" x="1.1684" name="5"/><smd layer="1" dx="1.5748" dy="0.5588" y="0.95" x="1.1684" name="6"/><wire layer="21" width="0.1524" y2="1.524" x2="0.8763" y1="1.524" x1="-0.8763"/><wire layer="21" width="0.1524" y2="-1.524" x2="0.8763" y1="-1.524" x1="-0.8763"/><wire layer="25" width="0.127" y2="-0.735" x2="1.1218" y1="-0.735" x1="0.8964"/><wire layer="25" width="0.127" y2="-0.735" x2="1.4306" y1="-1.135" x1="1.4306"/><wire layer="25" width="0.127" y2="-0.735" x2="1.2448" y1="-0.735" x1="1.1525"/><wire layer="25" width="0.127" y2="-1.135" x2="1.4306" y1="-1.135" x1="1.2448"/><wire layer="25" width="0.127" y2="-0.735" x2="1.1525" y1="-0.735" x1="1.1218"/><wire layer="25" width="0.127" y2="-0.735" x2="1.4306" y1="-0.735" x1="1.2448"/><wire layer="25" width="0.127" y2="-1.135" x2="1.1525" y1="-1.135" x1="1.1218"/><wire layer="25" width="0.127" y2="-1.135" x2="1.1218" y1="-1.135" x1="0.8964"/><wire layer="25" width="0.127" y2="-1.135" x2="1.2448" y1="-1.135" x1="1.1525"/><wire layer="25" width="0.127" y2="-0.735" x2="0.8964" y1="-0.735" x1="0.7948"/><wire layer="25" width="0.127" y2="-1.135" x2="0.8964" y1="-1.135" x1="0.7948"/><wire layer="25" width="0.127" y2="0.215" x2="1.1218" y1="0.215" x1="0.8964"/><wire layer="25" width="0.127" y2="0.215" x2="1.4306" y1="-0.185" x1="1.4306"/><wire layer="25" width="0.127" y2="0.215" x2="1.2448" y1="0.215" x1="1.1525"/><wire layer="25" width="0.127" y2="-0.185" x2="1.4306" y1="-0.185" x1="1.2448"/><wire layer="25" width="0.127" y2="0.215" x2="1.1525" y1="0.215" x1="1.1218"/><wire layer="25" width="0.127" y2="0.215" x2="1.4306" y1="0.215" x1="1.2448"/><wire layer="25" width="0.127" y2="-0.185" x2="1.1525" y1="-0.185" x1="1.1218"/><wire layer="25" width="0.127" y2="-0.185" x2="1.1218" y1="-0.185" x1="0.8964"/><wire layer="25" width="0.127" y2="-0.185" x2="1.2448" y1="-0.185" x1="1.1525"/><wire layer="25" width="0.127" y2="0.215" x2="0.8964" y1="0.215" x1="0.7948"/><wire layer="25" width="0.127" y2="-0.185" x2="0.8964" y1="-0.185" x1="0.7948"/><wire layer="25" width="0.127" y2="1.165" x2="1.1218" y1="1.165" x1="0.8964"/><wire layer="25" width="0.127" y2="1.165" x2="1.4306" y1="0.765" x1="1.4306"/><wire layer="25" width="0.127" y2="1.165" x2="1.2448" y1="1.165" x1="1.1525"/><wire layer="25" width="0.127" y2="0.765" x2="1.4306" y1="0.765" x1="1.2448"/><wire layer="25" width="0.127" y2="1.165" x2="1.1525" y1="1.165" x1="1.1218"/><wire layer="25" width="0.127" y2="1.165" x2="1.4306" y1="1.165" x1="1.2448"/><wire layer="25" width="0.127" y2="0.765" x2="1.1525" y1="0.765" x1="1.1218"/><wire layer="25" width="0.127" y2="0.765" x2="1.1218" y1="0.765" x1="0.8964"/><wire layer="25" width="0.127" y2="0.765" x2="1.2448" y1="0.765" x1="1.1525"/><wire layer="25" width="0.127" y2="1.165" x2="0.8964" y1="1.165" x1="0.7948"/><wire layer="25" width="0.127" y2="0.765" x2="0.8964" y1="0.765" x1="0.7948"/><wire layer="25" width="0.127" y2="-1.135" x2="-0.903" y1="-1.135" x1="-1.1283"/><wire layer="25" width="0.127" y2="-0.735" x2="-1.4371" y1="-1.135" x1="-1.4371"/><wire layer="25" width="0.127" y2="-1.135" x2="-1.159" y1="-1.135" x1="-1.2513"/><wire layer="25" width="0.127" y2="-0.735" x2="-1.2513" y1="-0.735" x1="-1.4371"/><wire layer="25" width="0.127" y2="-1.135" x2="-1.1283" y1="-1.135" x1="-1.159"/><wire layer="25" width="0.127" y2="-1.135" x2="-1.2513" y1="-1.135" x1="-1.4371"/><wire layer="25" width="0.127" y2="-0.735" x2="-1.1283" y1="-0.735" x1="-1.159"/><wire layer="25" width="0.127" y2="-0.735" x2="-0.903" y1="-0.735" x1="-1.1283"/><wire layer="25" width="0.127" y2="-0.735" x2="-1.159" y1="-0.735" x1="-1.2513"/><wire layer="25" width="0.127" y2="-1.135" x2="-0.8013" y1="-1.135" x1="-0.903"/><wire layer="25" width="0.127" y2="-0.735" x2="-0.8013" y1="-0.735" x1="-0.903"/><wire layer="25" width="0.127" y2="-0.185" x2="-0.903" y1="-0.185" x1="-1.1283"/><wire layer="25" width="0.127" y2="0.215" x2="-1.4371" y1="-0.185" x1="-1.4371"/><wire layer="25" width="0.127" y2="-0.185" x2="-1.159" y1="-0.185" x1="-1.2513"/><wire layer="25" width="0.127" y2="0.215" x2="-1.2513" y1="0.215" x1="-1.4371"/><wire layer="25" width="0.127" y2="-0.185" x2="-1.1283" y1="-0.185" x1="-1.159"/><wire layer="25" width="0.127" y2="-0.185" x2="-1.2513" y1="-0.185" x1="-1.4371"/><wire layer="25" width="0.127" y2="0.215" x2="-1.1283" y1="0.215" x1="-1.159"/><wire layer="25" width="0.127" y2="0.215" x2="-0.903" y1="0.215" x1="-1.1283"/><wire layer="25" width="0.127" y2="0.215" x2="-1.159" y1="0.215" x1="-1.2513"/><wire layer="25" width="0.127" y2="-0.185" x2="-0.8013" y1="-0.185" x1="-0.903"/><wire layer="25" width="0.127" y2="0.215" x2="-0.8013" y1="0.215" x1="-0.903"/><wire layer="25" width="0.127" y2="0.765" x2="-0.903" y1="0.765" x1="-1.1283"/><wire layer="25" width="0.127" y2="1.165" x2="-1.4371" y1="0.765" x1="-1.4371"/><wire layer="25" width="0.127" y2="0.765" x2="-1.159" y1="0.765" x1="-1.2513"/><wire layer="25" width="0.127" y2="1.165" x2="-1.2513" y1="1.165" x1="-1.4371"/><wire layer="25" width="0.127" y2="0.765" x2="-1.1283" y1="0.765" x1="-1.159"/><wire layer="25" width="0.127" y2="0.765" x2="-1.2513" y1="0.765" x1="-1.4371"/><wire layer="25" width="0.127" y2="1.165" x2="-1.1283" y1="1.165" x1="-1.159"/><wire layer="25" width="0.127" y2="1.165" x2="-0.903" y1="1.165" x1="-1.1283"/><wire layer="25" width="0.127" y2="1.165" x2="-1.159" y1="1.165" x1="-1.2513"/><wire layer="25" width="0.127" y2="0.765" x2="-0.8013" y1="0.765" x1="-0.903"/><wire layer="25" width="0.127" y2="1.165" x2="-0.8013" y1="1.165" x1="-0.903"/><wire layer="25" width="0.127" y2="-1.3918" x2="-0.8283" y1="-1.3955" x1="-0.8283"/><wire layer="25" width="0.127" y2="1.5" x2="-0.75" y1="1.5" x1="-0.7538"/><wire layer="25" width="0.127" y2="-1.47" x2="-0.75" y1="-1.47" x1="-0.7538"/><wire layer="25" width="0.127" y2="1.4255" x2="0.8218" y1="1.4217" x1="0.8218"/><wire layer="25" width="0.127" y2="1.5" x2="0.7473" y1="1.5" x1="0.7435"/><wire layer="25" width="0.127" y2="-1.47" x2="0.7473" y1="-1.47" x1="0.7435"/><wire layer="25" width="0.127" y2="-1.3918" x2="0.8218" y1="-1.3955" x1="0.8218"/><wire layer="25" width="0.127" y2="1.4217" x2="-0.8283" y1="1.165" x1="-0.8283"/><wire layer="25" width="0.127" y2="0.765" x2="-0.8283" y1="0.215" x1="-0.8283"/><wire layer="25" width="0.127" y2="-0.185" x2="-0.8283" y1="-0.735" x1="-0.8283"/><wire layer="25" width="0.127" y2="-1.135" x2="-0.8283" y1="-1.3918" x1="-0.8283"/><wire layer="25" width="0.127" y2="1.5" x2="0.7435" y1="1.5" x1="-0.75"/><wire layer="25" width="0.127" y2="1.4255" x2="-0.8283" y1="1.4217" x1="-0.8283"/><wire layer="25" width="0.127" y2="-1.47" x2="0.7435" y1="-1.47" x1="-0.75"/><wire layer="25" width="0.127" y2="1.4217" x2="0.8218" y1="1.165" x1="0.8218"/><wire layer="25" width="0.127" y2="0.765" x2="0.8218" y1="0.215" x1="0.8218"/><wire layer="25" width="0.127" y2="-0.185" x2="0.8218" y1="-0.735" x1="0.8218"/><wire layer="25" width="0.127" y2="-1.135" x2="0.8218" y1="-1.3918" x1="0.8218"/><wire curve="73.0128" layer="21" width="0.1524" y2="1.279" x2="0.1813" y1="1.279" x1="-0.1813"/><wire curve="180" layer="25" width="0.127" y2="1.0177" x2="-0.2808" y1="1.0177" x1="-0.5783"/><wire curve="180" layer="25" width="0.127" y2="1.0177" x2="-0.5783" y1="1.0177" x1="-0.2808"/></package><package name="CRCW040256K2FKED"><smd layer="1" dx="0.5588" dy="0.6096" y="0" x="-0.4191" name="1"/><smd layer="1" dx="0.5588" dy="0.6096" y="0" x="0.4191" name="2"/><wire layer="25" width="0" y2="0.3048" x2="-0.1397" y1="-0.3048" x1="-0.1397"/><wire layer="25" width="0" y2="0.3048" x2="-0.5461" y1="0.3048" x1="-0.1397"/><wire layer="25" width="0" y2="-0.3048" x2="-0.5461" y1="0.3048" x1="-0.5461"/><wire layer="25" width="0" y2="-0.3048" x2="-0.1397" y1="-0.3048" x1="-0.5461"/><wire layer="25" width="0" y2="-0.3048" x2="0.1397" y1="0.3048" x1="0.1397"/><wire layer="25" width="0" y2="-0.3048" x2="0.5461" y1="-0.3048" x1="0.1397"/><wire layer="25" width="0" y2="0.3048" x2="0.5461" y1="-0.3048" x1="0.5461"/><wire layer="25" width="0" y2="0.3048" x2="0.1397" y1="0.3048" x1="0.5461"/><wire layer="25" width="0" y2="-0.3048" x2="0.5461" y1="-0.3048" x1="-0.5461"/><wire layer="25" width="0" y2="0.3048" x2="0.5461" y1="-0.3048" x1="0.5461"/><wire layer="25" width="0" y2="0.3048" x2="-0.5461" y1="0.3048" x1="0.5461"/><wire layer="25" width="0" y2="-0.3048" x2="-0.5461" y1="0.3048" x1="-0.5461"/></package></packages></library></libraries><designrules name="custom"><param name="layerSetup" value="((1*2)+(15*16))"/></designrules><elements><element y="45.6438" x="56.896" value="" package="0402" library="ultra-librarian" name="Rfbb"><attribute align="bottom-left" display="value" layer="51" size="1.778" y="45.1612" x="60.4012" value="Rfbb" name="RefDes"/><attribute align="bottom-left" display="off" layer="51" size="1.778" y="45.1612" x="60.4012" value="CRCW040210K2FKED" name="Type"/></element><element rot="R90" y="47.371" x="42.4688" value="" package="1210" library="ultra-librarian" name="Cin"><attribute align="bottom-left" display="value" layer="51" size="1.778" y="40.005" x="34.9758" value="Cin" name="RefDes"/><attribute align="bottom-left" display="off" layer="51" size="1.778" y="40.005" x="34.9758" value="GRM32ER61E226KE15L" name="Type"/></element><element rot="SR270" y="52.197" x="56.515" value="" package="0805" library="ultra-librarian" name="Cbst"><attribute align="bottom-left" display="value" layer="51" size="1.778" y="52.578" x="58.5216" value="Cbst" name="RefDes"/><attribute align="bottom-left" display="off" layer="51" size="1.778" y="52.578" x="58.5216" value="08053C104KAT2A" name="Type"/></element><element rot="SR270" y="68.4276" x="42.5958" value="" package="1206" library="ultra-librarian" name="Cout"><attribute align="bottom-left" display="value" layer="51" size="1.778" y="74.2442" x="38.989" value="Cout" name="RefDes"/><attribute align="bottom-left" display="off" layer="51" size="1.778" y="74.2442" x="38.989" value="C3216JB1A476M" name="Type"/></element><element rot="R90" y="61.722" x="53.848" value="" package="VLP8040" library="ultra-librarian" name="L1"><attribute align="bottom-left" display="value" layer="51" size="1.778" y="64.008" x="59.69" value="L1" name="RefDes"/><attribute align="bottom-left" display="off" layer="51" size="1.778" y="64.008" x="59.69" value="VLP8040T-3R3N" name="Type"/></element><element rot="R90" y="42.1386" x="56.0578" value="" package="0402" library="ultra-librarian" name="Rfbt"><attribute align="bottom-left" display="value" layer="51" size="1.778" y="41.656" x="58.039" value="Rfbt" name="RefDes"/><attribute align="bottom-left" display="off" layer="51" size="1.778" y="41.656" x="58.039" value="CRCW040256K2FKED" name="Type"/></element><element rot="R90" y="45.4152" x="28.1432" value="" package="TP-1502" library="ultra-librarian" name="VIN"><attribute align="bottom-left" display="value" layer="51" size="1.778" y="42.5958" x="27.1018" value="VIN" name="RefDes"/><attribute align="bottom-left" display="off" layer="51" size="1.778" y="42.5958" x="27.1018" value="TP-1502" name="Type"/></element><element rot="R90" y="49.2506" x="28.1432" value="" package="TP-1502" library="ultra-librarian" name="GND"><attribute align="bottom-left" display="value" layer="51" size="1.778" y="51.181" x="26.924" value="GND" name="RefDes"/><attribute align="bottom-left" display="off" layer="51" size="1.778" y="51.181" x="26.924" value="TP-1502" name="Type"/></element><element rot="R90" y="70.3326" x="28.1432" value="" package="TP-1502" library="ultra-librarian" name="VOUT"><attribute align="bottom-left" display="value" layer="51" size="1.778" y="72.4662" x="26.5176" value="VOUT" name="RefDes"/><attribute align="bottom-left" display="off" layer="51" size="1.778" y="72.4662" x="26.5176" value="TP-1502" name="Type"/></element><element rot="R90" y="66.548" x="28.1432" value="" package="TP-1502" library="ultra-librarian" name="GND1"><attribute align="bottom-left" display="value" layer="51" size="1.778" y="63.5" x="26.5938" value="GND1" name="RefDes"/><attribute align="bottom-left" display="off" layer="51" size="1.778" y="63.5" x="26.5938" value="TP-1502" name="Type"/></element><element y="48.133" x="52.4256" value="" package="DDC0006A" library="ultra-librarian" name="U1"><attribute align="bottom-left" display="value" layer="51" size="1.778" y="49.784" x="49.53" value="U1" name="RefDes"/><attribute align="bottom-left" display="off" layer="51" size="1.778" y="49.784" x="49.53" value="TPS563200DDCR" name="Type"/></element></elements><signals><signal name="8"><wire layer="1" width="0.381" y2="46.3804" x2="46.99" y1="44.958" x1="46.99"/><wire layer="1" width="0.381" y2="44.8564" x2="36.068" y1="44.8564" x1="31.3182"/><wire layer="1" width="0.381" y2="44.8564" x2="31.3182" y1="45.466" x1="30.734"/><wire layer="1" width="0.381" y2="45.466" x2="30.734" y1="45.466" x1="28.194"/><wire layer="1" width="0.381" y2="44.958" x2="36.1442" y1="44.8564" x1="36.068"/><wire layer="1" width="0.381" y2="44.958" x2="41.021" y1="44.958" x1="36.1442"/><wire layer="1" width="0.381" y2="46.3804" x2="42.4434" y1="44.958" x1="41.021"/><wire layer="1" width="0.381" y2="46.3804" x2="46.99" y1="46.3804" x1="42.4434"/><wire layer="1" width="0.381" y2="46.3804" x2="49.3014" y1="46.3804" x1="46.99"/><wire layer="1" width="0.381" y2="47.0408" x2="49.9618" y1="46.3804" x1="49.3014"/><wire layer="1" width="0.381" y2="47.0408" x2="51.1556" y1="47.0408" x1="49.9618"/><wire layer="1" width="0.381" y2="48.006" x2="55.245" y1="48.006" x1="55.245"/><wire layer="1" width="0.381" y2="48.006" x2="55.245" y1="48.006" x1="53.4924"/><polygon spacing="0.254" layer="1" width="0" rank="4"><vertex y="47.244" x="26.416"/><vertex y="47.244" x="52.07"/><vertex y="30.988" x="52.07"/><vertex y="30.988" x="26.416"/></polygon><wire layer="16" width="0.381" y2="48.006" x2="55.245" y1="44.958" x1="52.197"/><wire layer="16" width="0.381" y2="44.958" x2="52.197" y1="44.958" x1="46.99"/><via shape="round" drill="0.254" diameter="0.6096" extent="1-16" y="44.958" x="46.99"/><via shape="round" drill="0.254" diameter="0.6096" extent="1-16" y="48.006" x="55.245"/><via shape="round" drill="1.016" diameter="2.032" extent="1-16" y="45.466" x="28.194"/><contactref pad="1" element="Cin"/><contactref pad="1" element="VIN"/><contactref pad="3" element="U1"/><contactref pad="5" element="U1"/></signal><signal name="0"><wire layer="1" width="0.254" y2="50.165" x2="46.99" y1="48.3362" x1="46.99"/><wire layer="1" width="0.254" y2="50.165" x2="46.99" y1="50.673" x1="46.482"/><wire layer="1" width="0.254" y2="50.673" x2="46.482" y1="50.673" x1="43.942"/><wire layer="1" width="0.254" y2="50.673" x2="43.942" y1="51.054" x1="43.561"/><wire layer="1" width="0.254" y2="53.848" x2="43.561" y1="51.054" x1="43.561"/><wire layer="1" width="0.254" y2="53.848" x2="43.561" y1="54.483" x1="42.926"/><wire layer="1" width="0.254" y2="54.483" x2="42.926" y1="54.483" x1="40.894"/><wire layer="1" width="0.254" y2="54.483" x2="40.894" y1="55.245" x1="40.132"/><wire layer="1" width="0.254" y2="66.0654" x2="40.132" y1="55.245" x1="40.132"/><wire layer="1" width="0.254" y2="48.9458" x2="47.5996" y1="48.3362" x1="46.99"/><wire layer="1" width="0.254" y2="48.9458" x2="51.1556" y1="48.9458" x1="47.5996"/><wire layer="1" width="0.254" y2="66.548" x2="33.782" y1="66.548" x1="28.194"/><wire layer="1" width="0.254" y2="66.0654" x2="34.2392" y1="66.548" x1="33.782"/><wire layer="1" width="0.254" y2="66.0654" x2="40.132" y1="66.0654" x1="34.2392"/><wire layer="1" width="0.254" y2="48.3362" x2="42.3164" y1="49.911" x1="40.767"/><wire layer="1" width="0.254" y2="49.911" x2="40.767" y1="49.911" x1="31.369"/><wire layer="1" width="0.254" y2="49.911" x2="31.369" y1="49.276" x1="30.734"/><wire layer="1" width="0.254" y2="49.276" x2="30.734" y1="49.276" x1="28.194"/><wire layer="1" width="0.254" y2="48.3362" x2="46.99" y1="48.3362" x1="42.3164"/><wire layer="1" width="0.254" y2="45.593" x2="57.8612" y1="45.593" x1="57.277"/><wire layer="1" width="0.254" y2="45.593" x2="59.436" y1="45.593" x1="57.8612"/><wire layer="1" width="0.254" y2="45.5676" x2="58.4454" y1="45.5676" x1="57.2516"/><polygon spacing="0.254" layer="1" width="0"><vertex y="47.498" x="26.416"/><vertex y="47.498" x="48.006"/><vertex y="48.768" x="48.006"/><vertex y="48.768" x="52.07"/><vertex y="52.07" x="52.07"/><vertex y="52.07" x="44.45"/><vertex y="68.326" x="44.45"/><vertex y="68.326" x="26.416"/></polygon><wire layer="16" width="0.254" y2="48.641" x2="59.436" y1="45.593" x1="59.436"/><wire layer="16" width="0.254" y2="48.641" x2="59.436" y1="53.086" x1="54.991"/><wire layer="16" width="0.254" y2="53.086" x2="54.991" y1="53.086" x1="51.816"/><wire layer="16" width="0.254" y2="53.086" x2="51.816" y1="53.721" x1="51.181"/><wire layer="16" width="0.254" y2="36.7792" x2="69.7992" y1="36.7792" x1="44.9072"/><wire layer="16" width="0.254" y2="36.7792" x2="44.9072" y1="49.276" x1="32.4104"/><wire layer="16" width="0.254" y2="49.276" x2="32.4104" y1="49.276" x1="28.194"/><wire layer="16" width="0.254" y2="54.102" x2="75.057" y1="42.037" x1="75.057"/><wire layer="16" width="0.254" y2="42.037" x2="75.057" y1="36.7792" x1="69.7992"/><wire layer="16" width="0.254" y2="54.102" x2="51.181" y1="53.721" x1="51.181"/><wire layer="16" width="0.254" y2="54.102" x2="75.057" y1="54.102" x1="51.181"/><wire layer="16" width="0.254" y2="54.4322" x2="51.181" y1="54.102" x1="51.181"/><wire layer="16" width="0.254" y2="54.4322" x2="75.057" y1="54.102" x1="75.057"/><polygon spacing="0.254" layer="16" width="0" rank="6"><vertex y="54.229" x="48.006"/><vertex y="54.229" x="75.184"/><vertex y="85.344" x="75.184"/><vertex y="85.344" x="26.416"/><vertex y="26.416" x="26.416"/><vertex y="26.416" x="75.184"/><vertex y="53.975" x="75.184"/><vertex y="53.975" x="51.054"/><vertex y="46.736" x="51.054"/><vertex y="46.736" x="48.006"/></polygon><via shape="round" drill="0.254" diameter="0.6096" extent="1-16" y="53.594" x="37.338"/><via shape="round" drill="0.254" diameter="0.6096" extent="1-16" y="53.594" x="36.322"/><via shape="round" drill="0.254" diameter="0.6096" extent="1-16" y="53.594" x="35.306"/><via shape="round" drill="0.254" diameter="0.6096" extent="1-16" y="53.594" x="33.274"/><via shape="round" drill="0.254" diameter="0.6096" extent="1-16" y="45.593" x="59.436"/><via shape="round" drill="0.254" diameter="0.6096" extent="1-16" y="53.594" x="40.386"/><via shape="round" drill="0.254" diameter="0.6096" extent="1-16" y="53.594" x="42.418"/><via shape="round" drill="0.254" diameter="0.6096" extent="1-16" y="63.246" x="32.766"/><via shape="round" drill="0.254" diameter="0.6096" extent="1-16" y="63.246" x="33.782"/><via shape="round" drill="0.254" diameter="0.6096" extent="1-16" y="63.246" x="34.798"/><via shape="round" drill="0.254" diameter="0.6096" extent="1-16" y="63.246" x="35.814"/><via shape="round" drill="0.254" diameter="0.6096" extent="1-16" y="63.246" x="36.83"/><via shape="round" drill="0.254" diameter="0.6096" extent="1-16" y="63.246" x="37.846"/><via shape="round" drill="0.254" diameter="0.6096" extent="1-16" y="63.246" x="38.862"/><via shape="round" drill="0.254" diameter="0.6096" extent="1-16" y="53.594" x="32.258"/><via shape="round" drill="0.254" diameter="0.6096" extent="1-16" y="53.594" x="34.29"/><via shape="round" drill="0.254" diameter="0.6096" extent="1-16" y="53.594" x="38.354"/><via shape="round" drill="0.254" diameter="0.6096" extent="1-16" y="53.594" x="39.37"/><via shape="round" drill="0.254" diameter="0.6096" extent="1-16" y="53.594" x="41.402"/><via shape="round" drill="1.016" diameter="2.032" extent="1-16" y="49.276" x="28.194"/><via shape="round" drill="1.016" diameter="2.032" extent="1-16" y="66.548" x="28.194"/><contactref pad="2" element="Rfbb"/><contactref pad="2" element="Cin"/><contactref pad="2" element="Cout"/><contactref pad="1" element="GND"/><contactref pad="1" element="GND1"/><contactref pad="1" element="U1"/></signal><signal name="6"><wire layer="1" width="0.381" y2="70.358" x2="33.782" y1="70.358" x1="28.194"/><wire layer="1" width="0.381" y2="71.0692" x2="34.4932" y1="70.358" x1="33.782"/><wire layer="1" width="0.381" y2="71.0692" x2="40.132" y1="71.0692" x1="34.4932"/><wire layer="1" width="0.381" y2="71.0692" x2="47.7774" y1="71.0692" x1="40.132"/><wire layer="1" width="0.381" y2="41.529" x2="56.134" y1="41.0464" x1="56.134"/><wire layer="1" width="0.381" y2="41.0464" x2="56.134" y1="39.497" x1="56.134"/><wire layer="1" width="0.381" y2="64.262" x2="51.689" y1="64.008" x1="51.435"/><wire layer="1" width="0.381" y2="67.183" x2="51.689" y1="64.262" x1="51.689"/><wire layer="1" width="0.381" y2="67.183" x2="51.689" y1="71.0692" x1="47.7774"/><wire layer="1" width="0.254" y2="41.656" x2="56.1086" y1="40.4622" x1="56.1086"/><polygon spacing="0.254" layer="1" width="0" rank="2"><vertex y="61.976" x="58.42"/><vertex y="61.976" x="44.704"/><vertex y="68.58" x="44.704"/><vertex y="68.58" x="26.416"/><vertex y="85.344" x="26.416"/><vertex y="85.344" x="58.42"/></polygon><wire layer="16" width="0.381" y2="70.358" x2="42.926" y1="70.358" x1="28.194"/><wire layer="16" width="0.381" y2="68.326" x2="44.958" y1="70.358" x1="42.926"/><wire layer="16" width="0.381" y2="68.326" x2="44.958" y1="41.148" x1="44.958"/><wire layer="16" width="0.381" y2="39.497" x2="46.609" y1="41.148" x1="44.958"/><wire layer="16" width="0.381" y2="39.497" x2="56.134" y1="39.497" x1="46.609"/><via shape="round" drill="0.254" diameter="0.6096" extent="1-16" y="39.497" x="56.134"/><via shape="round" drill="1.016" diameter="2.032" extent="1-16" y="70.358" x="28.194"/><contactref pad="1" element="Cout"/><contactref pad="2" element="L1"/><contactref pad="1" element="Rfbt"/><contactref pad="1" element="VOUT"/></signal><signal name="3"><wire layer="1" width="0.254" y2="43.0022" x2="56.134" y1="42.418" x1="56.134"/><wire layer="1" width="0.254" y2="45.593" x2="56.515" y1="45.593" x1="55.9054"/><wire layer="1" width="0.254" y2="45.3644" x2="56.134" y1="43.0022" x1="56.134"/><wire layer="1" width="0.254" y2="45.3644" x2="56.134" y1="45.593" x1="55.9054"/><wire layer="1" width="0.254" y2="45.593" x2="55.9054" y1="47.0408" x1="54.4576"/><wire layer="1" width="0.254" y2="47.0408" x2="54.4576" y1="47.0408" x1="53.4924"/><wire layer="1" width="0.254" y2="45.5676" x2="56.515" y1="45.5676" x1="55.3212"/><wire layer="1" width="0.254" y2="43.5864" x2="56.1086" y1="42.3926" x1="56.1086"/><contactref pad="1" element="Rfbb"/><contactref pad="2" element="Rfbt"/><contactref pad="4" element="U1"/></signal><signal name="9"><wire layer="1" width="0.381" y2="51.181" x2="56.4896" y1="49.3776" x1="56.4896"/><wire layer="1" width="0.381" y2="49.3776" x2="56.4896" y1="48.9458" x1="56.0578"/><wire layer="1" width="0.381" y2="48.9458" x2="56.0578" y1="48.9458" x1="53.4924"/><wire layer="1" width="0.381" y2="51.7144" x2="56.4896" y1="51.181" x1="56.4896"/><wire layer="1" width="0.381" y2="51.7144" x2="56.4896" y1="51.816" x1="56.388"/><wire layer="1" width="0.254" y2="51.816" x2="56.4642" y1="50.2666" x1="56.4642"/><contactref pad="2" element="Cbst"/><contactref pad="6" element="U1"/></signal><signal name="5"><wire layer="1" width="0.381" y2="58.0644" x2="56.4896" y1="53.213" x1="56.4896"/><wire layer="1" width="0.381" y2="53.213" x2="56.4896" y1="52.7304" x1="56.4896"/><wire layer="1" width="0.381" y2="52.578" x2="56.642" y1="52.7304" x1="56.4896"/><wire layer="1" width="0.381" y2="59.1566" x2="55.372" y1="59.1566" x1="51.689"/><wire layer="1" width="0.381" y2="58.0644" x2="56.4896" y1="59.1566" x1="55.372"/><wire layer="1" width="0.254" y2="54.102" x2="56.4642" y1="52.5526" x1="56.4642"/><polygon spacing="0.254" layer="1" width="0" rank="3"><vertex y="61.468" x="58.42"/><vertex y="61.468" x="44.704"/><vertex y="52.324" x="44.704"/><vertex y="52.324" x="58.42"/></polygon><polygon spacing="0.254" layer="1" width="0" rank="5"><vertex y="47.625" x="51.943"/><vertex y="47.498" x="50.165"/><vertex y="47.498" x="48.26"/><vertex y="48.514" x="48.26"/><vertex y="48.387" x="50.165"/><vertex y="48.387" x="51.943"/></polygon><polygon spacing="0.254" layer="16" width="0"><vertex y="53.975" x="48.26"/><vertex y="53.975" x="50.8"/><vertex y="46.99" x="50.8"/><vertex y="46.99" x="48.26"/></polygon><via shape="round" drill="0.254" diameter="0.6096" extent="1-16" y="52.832" x="49.022"/><via shape="round" drill="0.254" diameter="0.6096" extent="1-16" y="52.832" x="50.165"/><via shape="round" drill="0.254" diameter="0.6096" extent="1-16" y="53.594" x="50.165"/><via shape="round" drill="0.254" diameter="0.6096" extent="1-16" y="53.594" x="49.022"/><via shape="round" drill="0.254" diameter="0.6096" extent="1-16" y="48.006" x="48.7934"/><via shape="round" drill="0.254" diameter="0.6096" extent="1-16" y="48.006" x="49.6062"/><contactref pad="1" element="Cbst"/><contactref pad="1" element="L1"/><contactref pad="2" element="U1"/></signal></signals></board></drawing></eagle>
